data_captura,empresa,cidade,segmento,porte,site,contato_tipo,contato_valor,sinal_de_dor,fonte,status,proximo_passo
2026-09-11,DLT Contabilidade,São Leopoldo,contabilidade,,https://dltcontabilidade.com.br,email,contato@dltcontabilidade.com.br,formulário de contato manual no site + atendimento telefônico tradicional — proposta de automação no orçamento/onboarding de clientes,https://dltcontabilidade.com.br/contato/,novo,toque 1 por e-mail (pergunta sobre horas gastas em compliance e faturamento manual)
2026-09-11,NB Contabilidade,a confirmar,contabilidade,,https://nbcontabilidade.com,whatsapp;email,wa.me/5551997883507;contato@nbcontabilidade.com,DUAS linhas de WhatsApp de atendimento publicadas — indicativo de triagem/ordem de serviço manual por zap,https://nbcontabilidade.com/,novo,toque 1 por WhatsApp (triagem automática de pedidos de orçamento no zap)
2026-09-11,Contabilidade SL,São Leopoldo,contabilidade,,https://contabilidade-sl.com.br,email,contato@contabilidade-sl.com.br,sem insta e atendimento só por formulário/e-mail — fluxo de endomarketing e proposta manual,https://contabilidade-sl.com.br/,novo,toque 1 por e-mail (automatizar geração de propostas e lembretes p/ clientes)
2026-09-14,OdontoCanoas,Canoas,odontologia,,https://odontocanoas.com.br,email;whatsapp;instagram,contato@odontocanoas.com.br;wa.me/5551982330246;@odontocanoas,pagina de contato so com formulario + 1 WhatsApp de atendimento - triagem e agendamento manuais,https://odontocanoas.com.br/contato/,novo,toque 1 por WhatsApp (agenda automatica de consultas no zap)
2026-09-14,L'Amore Odontologia,Canoas,odontologia,,https://www.lamoreodontologia.com.br,email;whatsapp;instagram,contato@lamoreodontologia.com.br;lamoreodontologia@gmail.com;wa.me/5551985833951;@lamoreodontologia,consulta agendada pela pagina de contato/WhatsApp - sem agenda online,https://www.lamoreodontologia.com.br/contato/,novo,toque 1 por WhatsApp (automatizar confirmacao de consultas)
2026-09-14,Centro Odontologico Canoas,Canoas,odontologia,,https://centroodontologicocanoas.com.br,whatsapp;instagram,wa.me/555198131007;@centroodontologicocanoas,FAQ do site manda agendar consulta pelo telefone (51) - agendamento telefonico manual,https://centroodontologicocanoas.com.br/,novo,toque 1 por WhatsApp (FAQ/respostas automaticas + agenda)
2026-09-14,Bhem+ Clinica Odontologica,Canoas,odontologia,,https://bhem.com.br,whatsapp;instagram,wa.me/5551990188338;@bhem_odontologia,formulario Nome/E-mail/WhatsApp no site soh para agendar consulta - agendamento manual via zap,https://bhem.com.br/,novo,toque 1 por WhatsApp (agendamento automatico)
2026-09-14,Clinica Odontologica Gustavo Sebben,Canoas,odontologia,,https://www.gustavosebben.com.br,email;whatsapp,clinica@gustavosebben.com.br;wa.me/5551981307828,"agendamento por telefone/WhatsApp, sem portal de agenda online visivel no site",https://www.gustavosebben.com.br/,novo,toque 1 por WhatsApp (lembretes e agenda)
2026-09-14,Open Clinic Gravatai,Gravatai,clinica medica,,https://openclinic.com.br,email;whatsapp,atendimento@openclinic.com.br;wa.me/5551992562102,pagina dedicada a telefone para agendar consulta; atendimento e RH na mesma caixa de e-mail,https://openclinic.com.br/telefone-clinica-medica/,novo,toque 1 por WhatsApp (fila de agendamento automatica)
2026-09-14,Clinica IMA,a confirmar,clinica medica,,https://imaima.com.br,email,atendimento@imaima.com.br;contato@imaima.com.br,sem WhatsApp nem Instagram publicados - contato soh por e-mail,https://imaima.com.br/os.html,novo,toque 1 por e-mail (digitalizar agenda e triagem)
2026-09-14,Clinica Juliana Kerbes,a confirmar,clinica medica,,https://clinicajulianakerbes.com.br,instagram,@clinicajulianakerbes,e-mail publicado no site e da agencia web (sites@witu.digital) - a clinica nao tem contato proprio por e-mail,https://clinicajulianakerbes.com.br/contato/,novo,toque 1 no Instagram (DM; verificar @linkado no Maps)
2026-09-14,Espaco Vital Clinica e Formacao,Gravatai,clinica medica,,https://www.espacovitalgravatai.com.br,email;instagram,contato@espacovitalgravatai.com.br;@espacovitalgravatai,clinica + cursos com contatos espalhados (e-mail/Insta) - sem sistema central de agendamento,https://www.espacovitalgravatai.com.br/contato,novo,toque 1 por e-mail (agenda + matriculas de cursos)
2026-09-14,Clinica Ortopedia da Dor,Gravatai,clinica medica,,https://clinicaortopediadador.com.br,email,clinicaortopediadador@gmail.com,"agendar consulta exige formulario/e-mail - e-mail em Gmail, sem dominio propre",https://clinicaortopediadador.com.br/contato/,novo,toque 1 por e-mail (agenda online)
2026-09-14,Clinica Ineuro,Porto Alegre,clinica medica,,https://ineuro.med.br,email;whatsapp;instagram,contato@ineuro.med.br;wa.me/555197302302;@clinicaineuro,Atendimento via whatsapp publicado ao lado de formulario - triagem dupla manual,https://ineuro.med.br/contato/,novo,toque 1 por WhatsApp (triagem automatica + lembretes)
2026-09-14,Clinica Alano,Cachoeirinha,clinica medica,,https://www.clinicaalano.com.br,email;whatsapp;instagram,contato@clinicaalano.com.br;wa.me/5551993492063;@clinicaalano,"""Ligue Agora"" com telefone fixo no site - agendamento por telefone",https://www.clinicaalano.com.br/contato.php,novo,toque 1 por WhatsApp (agenda automatica)
2026-09-14,Salute Cachoeirinha,Cachoeirinha,clinica medica,,https://www.clinicasalute.com.br,email;whatsapp;instagram,salute@clinicasalute.com.br;wa.me/555130141111;@redesalute,tabela de preços e agendamento exibidos no site com botao Agendar por formulario/WA,https://www.clinicasalute.com.br/salute-cachoeirinha,novo,toque 1 por WhatsApp (fila de agendamento)
2026-09-14,Cardioclin Cachoeirinha,Cachoeirinha,clinica medica,,https://clinicacardioclin.com.br,email;whatsapp;instagram,auxadm@clinicacardioclin.com.br;wa.me/5551999055771;@cardioclinoficial,pre-agendamento via pagina Fale Conosco - agenda manual,https://clinicacardioclin.com.br/fale-conosco/,novo,toque 1 por WhatsApp (pre-agendamento automatico)
2026-09-14,Despachante Gonzalez,Canoas,despachante,,https://despachantegonzale.wixsite.com/meusite,email,despachantegonzalez@gmail.com,despachante com site gratuito wixsite e e-mail Gmail - processos e protocolos manuais,https://despachantegonzale.wixsite.com/meusite,novo,toque 1 por e-mail (digitalizar protocolos e acompanhamento)
2026-09-14,Despachante Postal,Canoas,despachante,,https://www.despachantepostal.com.br,email;whatsapp;instagram,postal@despachantepostal.com.br;wa.me/555134632484;@despachantepostal,atendimento por fixo/WA + formulario - fluxo manual de consultas e protocolos,https://www.despachantepostal.com.br/,novo,toque 1 por WhatsApp (bot de consulta de protocolo)
2026-09-14,Borges Advogados,Alvorada,advocacia,,https://borgesadvogados.wixsite.com/borgesadvogados,email;whatsapp,advocacia.cfborges@gmail.com;wa.me/5551996380475,escritorio pequeno em wixsite gratuito - captação e agendamento de clientes manuais,https://borgesadvogados.wixsite.com/borgesadvogados,novo,toque 1 por WhatsApp (triagem de casos no zap)
2026-09-14,Lidiane Rossato Issi Advogados,Alvorada,advocacia,,https://lriadv.com,email;instagram,lidianerossatoissi@hotmail.com;@dra.lidianerossatoissi,"e-mail de contato em hotmail e placeholder ""seuemail@gmail.com"" publicado no site",https://lriadv.com/contato/,novo,toque 1 no Instagram/WhatsApp (DM profissional da dra.)
2026-09-14,Mello Imoveis,Campo Bom,imobiliaria,,https://melloimoveis.net,email;whatsapp,melloimoveis@melloimoveis.net;rose@melloimoveis.net;wa.me/5551993140586;wa.me/5551997402980;wa.me/5551999888565,3 numeros de WhatsApp publicados para atendimento - consulta de imoveis por zap sem CRM,https://melloimoveis.net/contato,novo,toque 1 por WhatsApp (CRM + triagem de leads de imoveis)
2026-09-14,Imobiliaria Walric,Campo Bom,imobiliaria,,https://www.walric.com.br,email;whatsapp;instagram,atendimento@walric.com.br;wa.me/5551997789600;@imobiliariawalric,atendimento por WhatsApp e formulario - captação de leads manual,https://www.walric.com.br/contatos,novo,toque 1 por WhatsApp (qualificaçao automatica de leads)
2026-09-14,Imobiliaria Dreger,Campo Bom,imobiliaria,,https://imobiliariadreger.com.br,email;instagram,dreger@imobiliariadreger.com.br;@imobiliariadreger,contato soh por e-mail/Insta - sem chat nem agenda online para visitas,https://imobiliariadreger.com.br/contato,novo,toque 1 no Instagram (DM; agendamento de visitas)
2026-09-14,AJG Imoveis,Campo Bom,imobiliaria,,https://www.ajgimoveis.com.br,email;instagram,jgimobiliaria.adm@gmail.com;@ajgimoveis,e-mail Gmail do negocio + formulario - sem dominio nem sistema,https://www.ajgimoveis.com.br/contato,novo,toque 1 no Instagram (DM; ofertar CRM leve)
2026-09-14,Imobiliaria Brasil Campo Bom,Campo Bom,imobiliaria,,http://www.aimobiliariabrasil.com.br,email,brasil@aimobiliariabrasil.com.br,site em HTTP sem WhatsApp/Instagram publicados - comunicacao soh por e-mail,http://www.aimobiliariabrasil.com.br/,novo,toque 1 por e-mail (modernizar presenca digital + leads)
2026-09-14,SorriOrto,a confirmar,odontologia,,https://www.sorriorto.com.br,email;whatsapp;instagram,sorriorto@hotmail.com;sorriorto@gmail.com;wa.me/5551981416629;@sorriorto,dois e-mails (hotmail+gmail) + WA para agendar - agenda manual e dados espalhados,https://www.sorriorto.com.br/,novo,toque 1 por WhatsApp (agenda e recall de retorno)
2026-09-14,Paulo Zorzella Odontologia,a confirmar,odontologia,,https://www.paulozorzella.com.br,instagram,@paulozorzella,"""Agendamento de Consulta: envie um e-mail ou ligue"" - agendamento manual por e-mail/telefone",https://www.paulozorzella.com.br/contato,novo,toque 1 no Instagram (DM; verificar @linkado no Maps)
